{"autoRetry":true,"browser":"chrome","browserVersion":"Mozilla/5.0 (Windows NT 10.0; Win64; x64) AppleWebKit/537.36 (KHTML, like Gecko) Chrome/116.0.0.0 Safari/537.36","dataSource":null,"disableVisuals":false,"disallowInsecureCertificates":false,"extensionVersion":"7.0.3","failOnJavaScriptError":false,"filters":[],"finalDelay":5000,"globalStepDelay":250,"httpHeaders":[],"importOnly":false,"language":null,"links":[],"maxAjaxDelay":10000,"maxConcurrentDataRows":null,"maxWaitDelay":15000,"name":"Check book added","notifications":null,"publicStatusEnabled":false,"region":"us-east-1","screenshotCompareEnabled":true,"screenshotCompareThreshold":0.1,"startUrl":"https://www.kobo.com/pt/pt","steps":[{"command":"click","condition":null,"optional":false,"private":false,"sequence":0,"target":[{"selector":"//span[contains(text(), \"eBooks gratuitos\")]"},{"selector":"a[href=\"//www.kobo.com/p/free-ebooks\"] > span"}],"value":null,"extra":{"source":{"test":"64f795a8e71b46cb757e5633","sequence":0},"rootSequence":0},"notes":""},{"command":"click","condition":null,"optional":false,"private":false,"sequence":1,"target":"a[href=\"/pt/pt/list/romance/uAjK5lMVUEi9LCVsUM8dww\"][aria-label=\"View all Romance\"]","value":null,"extra":{"source":{"test":"64f795a8e71b46cb757e5633","sequence":1},"rootSequence":1},"notes":""},{"command":"click","condition":null,"optional":false,"private":false,"sequence":2,"target":".primary-right-container > div > .box > .action-container > button[type=\"button\"].library-action.add-to-library","value":null,"extra":{"source":{"test":"64f795a8e71b46cb757e5633","sequence":2},"rootSequence":2},"notes":""},{"command":"click","condition":null,"optional":false,"private":false,"sequence":3,"target":"a[href=\"/pt/pt/library/books\"]","value":null,"extra":{"source":{"test":"64f795a8e71b46cb757e5633","sequence":3},"rootSequence":3},"notes":""},{"command":"assertElementPresent","condition":null,"optional":false,"private":false,"sequence":4,"target":"a[href=\"https://readingservices.kobo.com/ReadNow/fdb93b66-7272-4bb1-a169-a762e86a34ed\"] > .image-actions.image-container.product-type-icon-container.book > img.notranslate_alt.book-image","value":"","extra":{"source":{"test":"64f795a8e71b46cb757e5633","sequence":4},"rootSequence":4},"notes":""},{"command":"assertAccessibility","condition":null,"optional":false,"private":false,"sequence":5,"value":"1","extra":{"source":{"test":"64f795a8e71b46cb757e5633","sequence":5},"rootSequence":5},"notes":""}],"testFrequency":0,"testFrequencyAdvanced":[],"viewportSize":{"width":1280,"height":800}}