{"autoRetry":true,"browser":"chrome","browserVersion":"Mozilla/5.0 (Windows NT 10.0; Win64; x64) AppleWebKit/537.36 (KHTML, like Gecko) Chrome/116.0.0.0 Safari/537.36","dataSource":null,"disableVisuals":false,"disallowInsecureCertificates":false,"extensionVersion":"7.0.3","failOnJavaScriptError":false,"filters":[],"finalDelay":5000,"globalStepDelay":250,"httpHeaders":[],"importOnly":false,"language":null,"links":[],"maxAjaxDelay":10000,"maxConcurrentDataRows":null,"maxWaitDelay":15000,"name":"Check pre sales books added to cart","notifications":null,"publicStatusEnabled":false,"region":"us-east-1","screenshotCompareEnabled":true,"screenshotCompareThreshold":0.1,"startUrl":"https://www.kobo.com/pt/pt","steps":[{"command":"click","condition":null,"optional":false,"private":false,"sequence":0,"target":"a[href=\"/pt/pt/list/lancamentos/dg4ScuFiesSiLQjVoGxEqQ\"][aria-label=\"View all Lançamentos e pré-vendas\"]","value":null,"extra":{"source":{"test":"64f79463b9a9f4eb2fd80b8f","sequence":0},"rootSequence":0},"notes":""},{"command":"click","condition":null,"optional":false,"private":false,"sequence":1,"target":"a[href=\"/pt/pt/ebook/um-ponto-azul-claro\"] > .image-actions.image-container.product-type-icon-container.book > img.notranslate_alt.book-image","value":null,"extra":{"source":{"test":"64f79463b9a9f4eb2fd80b8f","sequence":1},"rootSequence":1},"notes":""},{"command":"click","condition":null,"optional":false,"private":false,"sequence":2,"target":".primary-right-container > div > .box.preorder-item > .action-container > button[type=\"button\"].purchase-action.add-to-cart > .text","value":null,"extra":{"source":{"test":"64f79463b9a9f4eb2fd80b8f","sequence":2},"rootSequence":2},"notes":""},{"command":"click","condition":null,"optional":false,"private":false,"sequence":3,"target":"div:nth-of-type(3) > button[title=\"Carrinho\"].ripple.collapsed > .icon-cart","value":null,"extra":{"source":{"test":"64f79463b9a9f4eb2fd80b8f","sequence":3},"rootSequence":3},"notes":""},{"command":"click","condition":null,"optional":false,"private":false,"sequence":4,"target":"button[type=\"button\"].close-cart.large-view-continue","value":null,"extra":{"source":{"test":"64f79463b9a9f4eb2fd80b8f","sequence":4},"rootSequence":4},"notes":""},{"command":"assertTextPresent","condition":null,"optional":false,"private":false,"sequence":5,"target":".primary-right-container > div > .box.preorder-item > h2","value":"Pré-encomendar este eBook","extra":{"source":{"test":"64f79463b9a9f4eb2fd80b8f","sequence":5},"rootSequence":5},"notes":""},{"command":"assertAccessibility","condition":null,"optional":false,"private":false,"sequence":6,"value":"1","extra":{"source":{"test":"64f79463b9a9f4eb2fd80b8f","sequence":6},"rootSequence":6},"notes":""}],"testFrequency":0,"testFrequencyAdvanced":[],"viewportSize":{"width":1280,"height":800}}