{"autoRetry":true,"browser":"chrome","browserVersion":"Mozilla/5.0 (Windows NT 10.0; Win64; x64) AppleWebKit/537.36 (KHTML, like Gecko) Chrome/116.0.0.0 Safari/537.36","dataSource":null,"disableVisuals":false,"disallowInsecureCertificates":false,"extensionVersion":"7.0.3","failOnJavaScriptError":false,"filters":[],"finalDelay":5000,"globalStepDelay":250,"httpHeaders":[],"importOnly":false,"language":null,"links":[],"maxAjaxDelay":10000,"maxConcurrentDataRows":null,"maxWaitDelay":15000,"name":"Check Italian books - sort by price","notifications":null,"publicStatusEnabled":false,"region":"us-east-1","screenshotCompareEnabled":true,"screenshotCompareThreshold":0.1,"startUrl":"https://www.kobo.com/","steps":[{"command":"click","condition":null,"optional":false,"private":false,"sequence":0,"target":"a[href*=\"/pt/pt/ebooks/categories\"]","value":null,"extra":{"source":{"test":"64f793a0b9a9f4eb2fd79988","sequence":0},"rootSequence":0},"notes":""},{"command":"click","condition":null,"optional":false,"private":false,"sequence":1,"target":[{"selector":"//a[contains(text(), \"História\")]"},{"selector":"a[href=\"/pt/pt/ebooks/historia-3\"]"}],"value":null,"extra":{"source":{"test":"64f793a0b9a9f4eb2fd79988","sequence":1},"rootSequence":1},"notes":""},{"command":"click","condition":null,"optional":false,"private":false,"sequence":2,"target":"a[href=\"/pt/pt/ebooks/historia-3?fclanguages=it\"]","value":null,"extra":{"source":{"test":"64f793a0b9a9f4eb2fd79988","sequence":2},"rootSequence":2},"notes":""},{"command":"click","condition":null,"optional":false,"private":false,"sequence":3,"target":".kobo-gizmo.result-sort > .facet-list-header > button[type=\"button\"].gizmo-expandable-button.gizmo-expandable-button-facetlist","value":null,"extra":{"source":{"test":"64f793a0b9a9f4eb2fd79988","sequence":3},"rootSequence":3},"notes":""},{"command":"click","condition":null,"optional":false,"private":false,"sequence":4,"target":[{"selector":"//a[contains(text(), \"Preço: baixo para alto\")]"},{"selector":"a[href*=\"/pt/pt/ebooks/historia-3?fclanguages=it&pageNumber=1&sort=PriceAsc\"]"}],"value":null,"extra":{"source":{"test":"64f793a0b9a9f4eb2fd79988","sequence":4},"rootSequence":4},"notes":""},{"command":"assertTextPresent","condition":null,"optional":false,"private":false,"sequence":5,"target":".breadcrumb-item > span","value":"ISIS, Daesh, wahabiti, salafiti","extra":{"source":{"test":"64f793a0b9a9f4eb2fd79988","sequence":5},"rootSequence":5},"notes":""},{"command":"assertAccessibility","condition":null,"optional":false,"private":false,"sequence":6,"value":"1","extra":{"source":{"test":"64f793a0b9a9f4eb2fd79988","sequence":6},"rootSequence":6},"notes":""}],"testFrequency":0,"testFrequencyAdvanced":[],"viewportSize":{"width":1280,"height":800}}